13,694,12,23,73,41,132,5,85,30,97,13,130,1,64
Monilinia_haploid_Msat_data,,,709BB,709FR,2609BB,2609FR,2610BB,2610FR,2611BB,2611FR,4510BB,4510FR,7910BB,7910FR
id,tree_year_symp,CHMFc4,CHMFc5,CHMFc12,SEA,SED,SEE,SEG,SEI,SEL,SEN,SEP,SEQ,SER
A004,7_09_BB,224,85,163,132,133,156,144,116,143,227,257,142,145
A002,7_09_BB,224,97,159,156,129,156,144,113,143,231,261,136,153
A011,7_09_BB,224,97,159,160,133,156,126,119,147,227,257,134,149
A009,7_09_BB,224,97,159,160,133,156,126,119,147,227,261,134,149
A006,7_09_BB,224,97,159,160,133,156,126,119,147,235,261,134,149
A013,7_09_BB,224,97,163,160,133,156,126,119,147,235,257,134,149
A008,7_09_BB,224,111,163,156,145,156,138,116,147,231,257,138,149
A016,7_09_BB,231,85,159,128,109,156,138,122,147,231,273,136,145
A012,7_09_BB,231,85,163,132,137,148,144,116,147,235,261,134,145
A021,7_09_BB,231,97,159,132,133,156,126,119,147,235,257,152,141
A022,7_09_BB,231,97,159,132,133,156,126,119,147,235,257,152,141
A007,7_09_BB,231,97,159,132,133,156,126,119,147,235,257,152,149
A001,7_09_BB,231,97,159,132,133,156,144,116,139,227,257,140,145
A018,7_09_BB,231,97,159,156,137,156,138,116,143,227,261,134,153
A020,7_09_BB,231,97,159,160,133,0,144,116,147,227,261,134,141
A017,7_09_BB,231,97,159,160,133,156,144,116,147,227,261,134,141
A019,7_09_BB,231,97,159,160,133,156,144,116,147,227,261,134,141
A003,7_09_BB,231,97,159,160,133,156,144,116,147,235,261,134,149
A005,7_09_BB,231,97,163,132,133,156,126,119,147,227,261,152,149
A014,7_09_BB,231,97,163,132,133,156,126,119,147,235,257,152,141
A023,7_09_BB,231,97,163,160,133,156,144,116,147,235,261,134,149
A015,7_09_BB,231,105,159,132,145,156,138,113,139,227,261,136,137
A010,7_09_BB,238,97,159,132,129,156,120,113,139,227,261,140,145
A024,26_09_BB,224,97,163,132,133,148,144,116,139,235,237,134,145
A025,26_09_BB,231,97,159,160,133,156,144,116,147,235,257,134,149
A026,26_09_BB,224,97,163,160,133,156,144,116,147,235,261,134,149
A027,26_09_BB,231,97,163,160,133,156,144,116,147,227,261,134,141
A028,26_09_BB,224,97,159,160,133,156,144,116,147,227,257,134,141
A029,26_09_BB,231,97,163,132,133,156,138,119,147,223,261,142,145
A030,26_09_BB,231,97,159,132,109,160,138,116,139,223,265,142,145
A031,26_09_BB,231,97,159,132,129,156,144,119,143,227,261,134,157
A032,26_09_BB,231,97,163,132,133,156,144,116,147,235,261,152,149
A033,26_09_BB,231,97,159,132,133,156,126,119,147,235,257,152,141
A034,26_09_BB,231,97,0,136,141,156,144,110,139,231,261,138,149
A035,26_09_BB,231,85,159,132,129,156,144,116,147,219,261,136,149
A036,26_09_BB,231,97,163,128,141,156,138,116,139,223,261,152,145
A037,26_09_BB,224,97,159,132,133,156,144,119,147,223,273,134,145
A038,26_09_BB,231,97,163,132,133,156,126,0,147,235,257,152,141
A039,26_09_BB,231,97,159,152,141,156,144,116,139,231,265,136,149
A040,26_09_BB,238,97,163,132,133,156,144,116,151,227,261,136,157
A041,26_09_BB,238,97,163,132,133,156,144,116,151,227,261,136,157
A042,26_09_BB,224,97,163,160,133,156,126,119,147,227,261,134,149
A043,26_09_BB,231,97,159,144,109,156,144,119,147,227,261,140,149
A044,26_09_BB,231,97,163,132,141,156,138,113,139,219,237,132,149
A045,26_09_BB,231,97,163,160,133,156,144,116,147,235,257,134,141
A046,26_09_BB,231,97,163,160,133,156,144,116,147,235,257,134,141
A047,26_09_BB,224,97,159,132,133,156,144,119,147,223,273,134,145
A048,26_09_BB,224,97,159,132,145,148,144,110,139,223,261,138,149
A049,26_09_BB,231,97,159,132,133,156,126,119,147,227,257,152,149
A050,26_09_BB,231,97,163,160,133,156,144,116,147,235,257,134,141
A051,26_09_BB,231,97,163,160,133,156,144,116,147,235,257,134,141
A052,26_09_BB,231,97,163,132,133,156,144,116,147,235,261,152,149
A053,26_09_BB,231,97,163,132,133,156,144,116,147,235,261,152,149
A054,26_09_BB,238,97,163,132,133,156,144,116,151,227,261,136,157
A055,26_09_BB,231,97,163,160,133,156,144,116,147,235,257,134,141
A056,26_09_BB,231,97,163,160,133,156,144,116,147,235,257,134,141
A057,26_09_BB,224,97,163,160,133,156,126,119,147,227,261,134,149
A058,26_09_BB,231,85,159,132,129,156,144,116,143,219,261,136,149
A059,26_09_BB,231,97,159,132,141,148,138,113,139,219,237,132,141
A060,26_09_BB,224,97,163,160,133,156,126,119,147,227,261,134,149
A061,26_09_BB,224,97,163,160,133,156,126,119,147,227,261,134,149
A062,26_09_BB,224,97,163,160,133,156,126,119,147,227,261,134,149
A063,26_09_BB,224,97,163,160,133,156,126,119,147,227,261,134,149
A064,26_09_BB,224,97,163,160,133,156,126,119,147,227,261,134,149
A065,26_09_FR,231,97,163,132,141,156,138,113,139,219,237,132,149
A066,7_09_FR,224,97,159,132,133,156,144,116,147,227,261,134,149
A067,26_09_FR,231,97,163,160,133,156,144,116,147,235,257,134,141
A068,26_09_FR,224,97,163,160,133,156,126,119,147,227,261,134,149
A069,26_09_FR,224,97,159,160,133,156,144,113,147,235,261,140,145
A070,26_09_FR,231,97,163,160,133,156,144,116,147,235,257,134,141
A071,26_10_BB,224,85,159,132,133,156,138,113,147,273,261,138,137
A072,26_10_BB,231,97,159,128,141,148,144,119,147,227,265,140,145
A073,26_10_BB,224,85,163,132,129,156,138,116,147,231,265,132,137
A074,26_10_BB,224,105,159,156,109,156,138,113,143,227,257,154,149
A075,26_10_BB,231,97,159,132,133,156,144,116,143,227,261,134,149
A076,45_10_BB,224,97,159,140,141,156,138,103,143,231,261,134,145
A077,45_10_BB,238,85,159,156,141,148,144,116,147,235,257,138,145
A078,45_10_BB,224,97,163,132,133,156,138,116,139,227,261,134,149
A079,45_10_BB,231,97,0,156,137,156,138,116,143,227,261,134,149
A080,45_10_BB,224,97,159,132,133,156,144,116,139,231,257,134,149
A081,45_10_BB,224,97,159,140,109,156,138,119,139,231,261,134,145
A082,45_10_BB,224,97,163,132,137,156,144,119,139,235,261,134,149
A083,45_10_BB,224,97,159,132,133,148,144,113,147,227,261,134,149
A084,45_10_BB,224,97,159,132,133,156,144,113,139,223,261,134,145
A085,79_10_BB,224,97,163,132,141,156,144,113,139,256,273,142,165
A086,79_10_FR,224,97,159,140,137,156,138,116,143,227,261,134,145
A087,79_10_FR,224,97,159,140,137,156,138,116,143,227,261,134,141
A088,79_10_FR,224,97,163,156,133,156,144,113,147,231,247,132,141
A089,79_10_FR,224,97,163,140,137,156,138,116,143,227,261,134,141
A090,79_10_FR,224,97,163,140,137,156,138,116,143,227,261,134,141
A091,79_10_FR,224,97,159,132,133,156,144,113,139,227,265,132,133
A092,79_10_FR,224,97,159,140,137,156,138,116,143,227,261,134,141
A093,79_10_FR,224,97,163,140,137,156,138,116,143,227,261,134,141
A094,79_10_FR,224,97,159,140,137,156,138,116,143,227,261,134,141
A095,79_10_FR,224,97,159,140,137,156,138,116,143,227,261,134,141
A096,79_10_FR,224,97,159,132,133,148,138,116,143,219,237,140,149
A097,79_10_FR,224,97,159,140,137,156,138,116,143,227,261,134,141
A098,79_10_FR,231,97,159,156,129,148,144,113,143,235,257,134,145
A099,79_10_FR,224,97,159,140,137,156,138,116,143,223,261,134,141
A100,79_10_FR,224,97,159,140,137,156,138,116,143,227,261,134,141
A101,79_10_FR,231,97,159,132,129,156,138,116,143,227,0,134,149
A102,79_10_FR,224,97,159,140,137,156,138,116,143,227,261,134,141
A103,79_10_FR,224,97,163,140,137,156,138,116,143,227,261,134,141
A104,79_10_FR,224,97,159,140,137,156,138,116,143,227,261,134,141
A105,79_10_FR,224,97,163,140,137,156,138,116,143,227,261,134,141
A106,79_10_FR,224,97,159,132,133,156,144,113,139,227,273,134,149
A107,79_10_FR,224,97,159,132,133,156,144,113,139,223,273,134,149
A108,79_10_FR,231,85,159,156,129,148,144,116,147,223,247,138,145
A109,79_10_FR,224,97,163,140,137,156,138,116,143,227,261,134,141
A110,79_10_FR,224,97,159,132,133,156,144,113,139,223,273,134,149
A111,79_10_FR,224,97,159,140,137,156,138,116,143,227,0,134,141
A112,79_10_FR,231,97,159,132,137,156,138,116,139,231,261,136,141
A113,79_10_FR,231,85,159,132,129,148,144,116,147,223,247,138,145
A114,79_10_FR,224,97,159,140,137,156,138,116,143,227,261,134,141
A115,79_10_FR,224,97,0,140,137,156,138,116,143,227,261,134,145
A116,79_10_FR,224,97,163,140,137,156,138,116,143,227,261,134,141
A117,79_10_FR,224,97,159,140,137,156,138,116,143,227,0,134,141
A118,79_10_FR,224,97,163,132,133,148,138,116,143,219,237,140,149
A119,79_10_FR,224,97,159,140,137,156,138,0,143,227,261,134,141
A120,79_10_FR,224,97,159,132,133,156,144,113,139,223,273,134,149
A121,79_10_FR,231,97,163,156,129,148,144,113,143,235,257,134,145
A122,79_10_FR,224,97,163,156,133,156,144,113,147,231,247,132,141
A123,79_10_FR,231,97,0,132,129,156,138,116,143,227,237,134,149
A124,79_10_FR,224,97,159,156,141,156,138,113,147,223,265,136,141
A125,79_10_FR,224,97,159,140,137,156,138,116,143,227,261,134,141
A126,79_10_FR,231,97,159,156,129,148,144,113,143,235,257,134,145
A127,79_10_FR,231,85,159,156,129,148,144,116,147,223,247,138,145
A128,79_10_FR,231,97,159,132,129,156,138,116,143,227,237,134,149
A129,79_10_FR,231,85,163,156,129,148,144,116,147,223,247,138,145
A130,79_10_FR,231,97,159,156,129,148,144,113,143,235,257,134,145
A131,79_10_FR,224,97,163,140,137,156,138,116,143,227,261,134,141
A132,79_10_FR,224,0,163,140,137,156,138,116,143,227,261,134,141
A133,79_10_FR,231,97,159,132,137,148,144,119,139,235,257,136,133
A134,79_10_FR,231,97,159,132,129,156,138,116,143,227,237,134,149
A135,79_10_FR,224,97,159,132,133,148,138,116,143,219,237,140,149
A136,79_10_FR,224,97,163,140,137,156,138,116,143,227,261,134,141
A137,79_10_FR,224,97,159,140,137,156,138,116,143,227,261,134,141
A138,79_10_FR,224,97,159,140,137,156,138,116,143,227,261,134,141
A139,79_10_FR,224,97,163,140,137,156,138,116,143,227,261,134,141
A140,79_10_FR,224,97,163,140,137,156,138,116,143,227,261,134,141
A141,79_10_FR,224,97,163,140,137,156,138,116,143,227,261,134,141
A142,79_10_FR,231,97,0,132,129,156,138,116,143,227,237,134,149
A143,79_10_FR,224,97,163,140,137,156,138,116,143,227,261,134,141
A144,79_10_FR,231,97,159,156,129,148,144,113,143,235,257,134,145
A145,79_10_FR,231,97,159,156,129,148,144,113,143,235,257,134,145
A146,79_10_FR,231,97,163,132,129,156,138,116,143,227,237,134,149
A147,79_10_FR,224,97,159,132,133,156,138,103,139,231,261,134,145
A148,79_10_FR,224,97,159,140,137,156,138,116,143,227,261,134,141
A149,26_10_FR,231,97,159,156,141,148,144,116,147,223,257,140,149
A150,26_10_FR,224,85,163,132,129,156,138,116,147,231,265,132,137
A151,26_10_FR,224,85,163,132,129,156,138,116,147,231,265,132,137
A152,45_10_FR,224,97,163,132,129,148,138,113,139,223,261,136,149
A153,26_11_BB,224,85,163,132,141,156,144,113,143,235,261,138,141
A154,26_11_BB,231,97,163,164,133,156,144,110,147,227,261,134,149
A155,26_11_BB,238,97,163,156,137,156,138,113,139,227,261,0,141
A156,26_11_BB,231,97,163,156,133,156,126,116,147,235,257,134,141
A157,26_11_BB,231,97,159,132,141,156,138,116,143,231,261,136,141
A158,26_11_BB,238,97,163,160,133,156,126,119,147,227,261,134,149
A159,26_11_BB,231,97,159,132,137,156,138,116,139,231,261,136,149
A160,26_11_BB,224,85,159,128,133,148,144,119,147,223,261,136,145
A161,26_11_BB,224,97,159,136,141,156,126,110,139,231,261,132,153
A162,26_11_BB,231,97,159,132,133,156,138,116,151,223,265,142,157
A163,26_11_BB,231,97,159,132,145,156,154,116,143,231,261,138,153
A164,26_11_BB,224,97,159,132,133,148,144,119,147,223,261,138,145
A165,26_11_BB,238,97,159,156,137,156,144,119,143,223,261,138,145
A166,26_11_BB,231,97,163,132,141,156,138,113,147,223,257,136,141
A167,26_11_BB,231,97,159,132,141,156,144,113,139,227,265,134,149
A168,26_11_BB,231,85,0,156,141,148,144,116,147,235,247,134,145
A169,26_11_BB,224,97,159,132,133,152,144,113,139,231,265,136,149
A170,26_11_BB,231,97,163,132,133,148,138,103,143,235,265,138,149
A171,26_11_BB,231,97,159,132,129,156,144,103,139,227,257,132,149
A172,26_11_BB,224,97,159,132,141,156,138,100,143,231,261,152,157
A173,26_11_BB,238,97,163,156,133,156,144,116,151,227,261,134,149
A174,26_11_BB,231,97,159,140,133,156,144,116,143,227,261,134,149
A175,26_11_BB,224,97,159,156,145,156,0,116,147,227,261,132,149
A176,26_11_BB,224,111,163,132,149,156,126,113,139,227,261,132,133
A177,26_11_BB,238,97,163,132,145,156,138,116,147,231,261,138,149
A178,26_11_BB,231,97,163,156,137,156,144,116,147,227,261,136,157
A179,26_11_BB,231,97,163,160,133,156,144,116,147,227,257,134,141
A180,26_11_BB,231,97,163,132,129,156,144,113,147,227,261,138,149
A181,26_11_BB,231,97,159,132,137,156,126,110,139,227,261,134,149
A182,26_11_FR,231,97,159,132,141,156,144,113,143,223,261,146,145
A183,26_11_FR,224,97,159,132,133,156,138,113,139,223,261,134,149
A184,26_11_FR,231,97,159,132,141,156,144,113,143,223,261,146,145
A185,26_11_FR,231,97,163,156,137,148,138,116,139,235,261,134,141
A186,26_11_FR,231,97,159,132,141,156,144,113,143,223,261,146,145
A187,26_11_FR,224,97,163,132,133,156,126,119,151,227,261,136,149
A188,7_09_FR,224,97,159,132,133,156,144,116,147,227,261,134,149
A189,7_09_FR,231,105,159,132,145,156,138,113,139,223,261,136,137
A190,7_09_FR,231,97,163,160,133,156,126,119,147,227,257,134,149
A191,7_09_FR,231,97,159,132,129,152,149,116,147,231,237,136,145
A192,7_09_FR,224,97,159,132,133,156,144,116,147,227,261,134,149
A193,7_09_FR,231,97,159,160,133,156,144,116,147,227,261,134,141
A194,7_09_FR,224,97,159,156,141,156,144,113,147,223,261,142,157
A195,7_09_FR,224,97,159,156,141,156,144,113,147,223,261,142,157
A196,7_09_FR,224,97,159,156,141,156,144,113,147,223,261,142,157
A197,7_09_FR,224,97,159,132,141,148,138,103,143,227,261,134,145
A198,7_09_FR,224,97,159,156,141,156,144,113,147,223,261,142,157
A199,7_09_FR,224,97,159,132,133,156,144,116,147,227,261,134,149
A200,7_09_FR,224,97,159,156,141,156,144,113,147,227,261,142,157
A201,7_09_FR,231,97,163,160,133,156,126,119,147,227,257,134,149
A202,7_09_FR,231,97,163,160,133,156,126,119,147,227,257,134,149
A203,7_09_FR,231,97,163,132,133,156,144,113,139,227,247,134,149
A204,7_09_FR,231,97,159,156,137,156,138,116,143,227,261,134,153
A205,7_09_FR,231,97,163,160,133,156,126,119,147,227,257,134,149
A206,7_09_FR,231,97,163,160,133,156,126,119,147,227,257,134,149
A207,7_09_FR,231,97,163,160,133,156,126,119,147,227,257,134,149
A208,7_09_FR,224,97,159,156,141,156,144,113,147,223,261,142,157
A209,7_09_FR,231,97,163,160,133,156,126,119,147,227,257,134,149
A210,7_09_FR,224,97,159,156,141,156,144,113,147,223,261,142,157
A211,7_09_FR,231,97,163,160,133,156,126,119,147,227,257,134,149
A212,7_09_FR,231,105,159,132,145,156,138,113,139,223,261,136,137
A213,7_09_FR,224,97,159,156,141,156,144,113,147,223,261,142,157
A214,7_09_FR,224,97,159,156,141,156,144,113,147,223,261,142,157
A215,7_09_FR,231,97,159,132,129,152,149,116,147,231,237,136,145
A216,7_09_FR,231,97,159,132,129,152,149,116,147,231,237,134,145
A217,7_09_FR,231,105,159,132,145,156,138,113,139,223,261,136,137
A218,7_09_FR,231,97,159,132,145,156,138,113,147,215,261,0,153
A219,7_09_FR,224,97,159,156,141,156,144,113,147,223,261,142,157
A220,7_09_FR,231,97,163,132,133,156,144,116,147,235,257,152,149
A221,7_09_FR,231,97,163,160,133,156,126,119,147,227,257,134,149
A222,7_09_FR,231,97,163,160,133,156,126,119,147,227,257,134,149
A223,7_09_FR,224,97,159,156,141,156,144,113,147,223,261,142,157
A224,7_09_FR,231,97,163,132,133,156,144,116,147,227,257,152,149
A225,7_09_FR,231,97,163,160,133,156,126,119,147,227,257,134,149
A226,7_09_FR,231,105,159,132,145,156,138,113,139,223,261,136,137
A227,7_09_FR,231,97,163,160,133,156,126,119,147,227,257,134,149
A228,7_09_FR,231,97,163,160,133,156,144,116,147,235,261,134,149
A229,7_09_FR,231,97,163,160,133,156,126,119,147,227,257,134,149
A230,7_09_FR,231,97,163,160,133,156,126,119,147,227,257,134,149
A231,7_09_FR,231,97,163,160,133,156,126,119,147,227,257,134,149
A232,7_09_FR,231,97,163,160,133,156,126,119,147,227,257,134,149
A233,7_09_FR,231,107,163,132,145,148,138,116,147,231,257,136,145
A234,7_09_FR,231,97,163,160,133,156,126,119,147,227,257,134,149
A235,7_09_FR,231,97,159,132,129,152,149,116,147,231,237,136,145
A236,7_09_FR,231,97,163,160,133,156,126,119,147,227,257,134,149
A237,7_09_FR,224,97,159,156,141,156,144,113,147,223,261,142,157
A238,7_09_FR,231,97,163,160,133,156,126,119,147,223,257,134,149
A239,7_09_FR,224,97,159,132,141,148,138,103,143,227,261,134,145
A240,7_09_FR,224,97,163,160,133,156,126,119,147,235,261,134,141
A241,7_09_FR,224,97,159,156,141,156,144,113,147,223,261,142,157
A242,7_09_FR,224,97,159,156,141,156,144,113,147,223,261,142,157
A243,7_09_FR,224,97,159,156,141,156,144,113,147,223,261,142,157
A244,7_09_FR,231,97,163,160,133,156,126,119,147,227,257,134,149
A245,7_09_FR,231,97,163,160,133,156,126,119,147,227,257,134,149
A246,7_09_FR,231,97,163,160,133,156,126,119,147,227,257,134,149
A247,7_09_FR,231,97,163,160,133,156,126,119,147,227,257,134,149
A248,7_09_FR,231,97,159,132,129,152,149,116,147,231,237,136,145
A249,7_09_FR,231,97,163,160,133,156,126,119,147,227,257,134,149
A250,7_09_FR,231,97,163,160,133,156,126,119,147,227,257,134,149
A251,7_09_FR,231,97,163,160,133,156,144,116,147,235,261,134,149
A252,7_09_FR,231,97,163,160,133,156,126,119,147,227,257,134,149
A253,7_09_FR,231,97,163,160,133,156,126,119,147,227,257,134,149
A254,7_09_FR,231,97,163,160,133,156,126,119,147,227,257,134,149
A255,7_09_FR,231,97,163,160,133,156,126,119,147,227,257,134,149
A256,7_09_FR,231,97,163,160,133,156,126,119,147,227,257,134,149
A257,7_09_FR,231,105,0,132,145,156,138,113,139,223,261,136,137
A258,7_09_FR,231,97,163,160,133,156,126,119,147,223,257,134,149
A259,7_09_FR,231,97,163,160,133,156,126,119,147,227,257,134,149
A260,26_09_FR,224,97,163,160,133,156,126,119,147,227,261,134,149
A261,26_09_FR,231,97,163,160,133,156,144,116,147,235,257,134,141
A262,26_09_FR,238,97,163,132,133,156,144,116,151,227,261,136,157
A263,26_09_FR,231,97,163,160,133,156,144,116,147,235,257,134,141
A264,26_09_FR,224,97,159,156,141,156,144,113,147,223,261,142,157
A265,26_09_FR,231,97,163,160,133,156,144,116,147,235,257,134,141
A266,26_09_FR,231,97,163,160,133,156,144,116,147,235,257,134,141
A267,26_09_FR,231,97,163,160,133,156,144,116,147,235,257,134,141
A268,26_09_FR,224,97,163,160,133,156,126,119,147,227,261,134,149
A269,26_09_FR,231,97,163,132,133,156,144,113,139,227,245,134,149
A270,26_09_FR,224,97,159,160,133,156,144,116,147,235,257,134,149
A271,26_09_FR,224,97,159,160,133,156,144,116,147,235,257,134,149
A272,26_09_FR,224,97,163,160,133,156,126,119,147,227,261,134,149
A273,26_09_FR,224,97,163,160,133,156,126,119,147,227,261,134,149
A274,26_09_FR,231,97,163,132,141,156,138,113,147,219,237,132,149
A275,26_09_FR,224,97,163,160,133,156,126,119,147,227,261,134,149
A276,26_09_FR,224,97,163,160,133,156,126,119,147,227,261,134,149
A277,26_09_FR,224,97,163,160,133,156,126,119,147,227,261,134,149
A278,26_09_FR,224,97,163,160,133,156,126,119,147,227,261,134,149
A279,26_09_FR,224,97,163,160,133,156,126,119,147,227,261,134,149
A280,26_09_FR,231,97,159,152,141,156,144,116,139,231,265,136,149
A281,26_09_FR,224,97,163,160,133,156,126,119,147,227,261,134,149
A282,26_09_FR,224,97,159,132,133,156,144,116,147,227,261,152,141
A283,26_09_FR,231,97,163,160,133,156,144,119,147,235,261,134,141
A284,26_09_FR,231,97,159,132,133,156,126,119,147,227,257,152,149
A285,26_09_FR,238,97,159,160,145,148,126,110,147,223,261,134,141
A286,26_09_FR,224,97,163,160,133,156,126,119,147,227,261,134,149
A287,26_09_FR,231,97,163,160,133,156,144,119,147,235,261,134,141
A288,26_09_FR,231,97,159,132,133,156,126,119,147,227,257,152,149
A289,26_09_FR,224,97,159,160,133,156,144,116,147,235,257,134,149
A290,26_09_FR,224,97,163,160,133,156,126,119,147,227,261,134,149
A291,26_09_FR,224,0,159,144,133,148,138,116,139,231,261,132,141
A292,26_09_FR,224,97,163,160,133,156,126,119,147,227,261,134,149
A293,26_09_FR,224,0,159,144,133,148,132,116,139,231,261,132,141
A294,26_09_FR,224,0,159,144,133,148,132,116,139,231,261,132,141
A295,26_09_FR,224,97,163,160,133,156,126,119,147,227,261,134,149
A296,26_09_FR,231,97,163,160,133,156,144,116,147,235,257,134,141
A297,26_09_FR,224,97,163,160,133,156,126,119,147,227,261,134,149
A298,26_09_FR,224,97,163,160,133,156,126,119,147,227,261,134,149
A299,26_09_FR,224,97,163,160,133,156,126,119,147,227,261,134,149
A300,26_09_FR,224,97,163,160,133,156,126,119,147,227,261,134,149
A301,26_09_FR,224,97,163,160,133,156,126,119,147,227,261,134,149
A302,26_09_FR,224,97,163,160,133,156,126,119,147,227,261,134,149
A303,26_09_FR,231,97,163,132,133,156,138,122,143,235,273,134,145
A304,26_09_FR,224,0,159,144,133,148,132,116,139,231,261,132,141
A305,26_09_FR,231,97,159,132,129,156,144,116,139,219,261,134,149
A306,26_09_FR,224,0,159,144,133,148,132,116,139,231,261,132,141
A307,26_09_FR,231,97,163,160,133,156,144,116,147,235,257,134,141
A308,26_09_FR,224,0,159,144,133,148,132,116,139,231,261,132,141
A309,26_09_FR,231,97,159,132,129,156,144,116,139,219,261,134,149
A310,26_09_FR,224,97,163,160,133,156,126,119,147,227,261,134,149
A311,26_09_FR,224,97,159,160,133,156,144,116,147,227,257,134,141
A312,26_09_FR,231,97,163,160,133,156,144,116,147,235,257,134,141
A313,26_09_FR,224,97,159,160,133,156,144,116,147,227,257,134,141
A314,26_09_FR,231,97,159,132,133,156,126,119,147,227,257,152,149
A315,26_09_FR,224,97,163,160,133,156,144,116,147,235,261,134,149
A316,26_09_FR,238,97,163,132,133,156,144,116,151,227,261,136,157
A317,26_09_FR,231,97,163,160,133,156,144,116,147,235,257,134,141
A318,26_09_FR,231,97,159,132,109,160,138,116,139,223,265,142,145
A319,26_09_FR,238,97,163,132,133,156,144,116,151,227,261,136,157
A320,26_09_FR,238,97,163,132,133,156,144,116,151,227,261,136,157
A321,26_09_FR,231,97,163,160,133,156,144,116,147,235,257,134,141
A322,26_09_FR,231,97,163,160,133,156,144,116,147,235,257,134,141
A323,26_09_FR,231,97,163,160,133,156,144,116,147,235,257,134,141
A324,26_09_FR,231,97,163,160,133,156,144,116,147,235,257,134,141
A325,26_09_FR,231,97,163,160,133,156,144,116,147,235,257,134,141
A326,26_09_FR,231,97,163,160,133,156,144,116,147,235,257,134,141
A327,26_09_FR,224,97,159,132,133,156,144,116,147,227,261,152,141
A328,26_09_FR,231,97,163,160,133,156,144,116,147,235,257,134,141
A329,26_09_FR,231,97,159,132,133,156,126,119,147,227,257,152,149
A330,26_09_FR,231,97,163,160,133,156,144,116,147,235,257,134,141
A331,26_09_FR,224,97,163,132,133,156,144,116,143,227,261,152,141
A332,26_09_FR,224,97,159,132,133,156,144,116,147,227,261,152,141
A333,26_09_FR,231,97,163,160,133,156,144,116,147,235,257,134,141
A334,26_09_FR,231,97,163,160,133,156,144,116,147,227,257,134,141
A335,26_09_FR,231,97,163,160,133,156,144,116,147,235,257,134,141
A336,26_09_FR,231,97,163,160,133,156,144,116,147,235,257,134,141
A337,26_09_FR,231,97,163,160,133,156,144,116,147,227,257,134,141
A338,26_09_FR,231,97,163,132,133,156,144,116,147,235,257,152,141
A339,26_09_FR,224,97,159,156,109,156,159,116,139,235,265,136,145
A340,26_09_FR,231,97,163,160,133,156,144,116,147,235,257,134,141
A341,26_09_FR,224,97,163,160,133,156,126,119,147,227,261,134,149
A342,26_09_FR,231,97,163,160,133,156,144,116,147,235,257,134,0
A343,26_09_FR,224,97,163,160,133,156,126,119,147,227,261,134,149
A344,26_09_FR,231,97,159,132,133,156,144,116,147,235,261,152,149
A345,26_09_FR,231,97,163,160,133,156,144,116,147,235,257,134,141
A346,26_09_FR,224,97,159,132,133,156,144,119,147,223,273,134,145
A347,26_09_FR,231,97,163,132,133,156,126,119,147,235,257,152,141
A348,26_09_FR,231,97,163,132,133,156,126,119,147,235,257,152,141
A349,26_09_FR,224,97,159,160,133,156,144,116,147,235,257,134,149
A350,26_09_FR,224,97,163,160,133,156,126,119,147,227,261,134,149
A351,26_09_FR,224,97,159,160,133,156,144,116,147,235,257,134,149
A352,26_09_FR,231,97,163,160,133,156,144,116,147,235,257,134,141
A353,26_09_FR,224,97,159,160,133,156,144,116,147,235,257,134,149
A354,26_09_FR,231,97,159,160,133,156,144,116,147,235,261,152,141
A355,26_09_FR,224,97,159,160,133,156,144,116,147,235,257,134,149
A356,26_09_FR,231,97,163,132,133,156,144,116,147,235,257,152,141
A357,26_09_FR,224,97,163,160,133,156,126,119,147,227,261,134,149
A358,26_09_FR,231,97,159,160,133,156,144,116,147,235,261,152,141
A359,26_09_FR,224,97,159,160,133,156,144,116,147,235,257,134,149
A360,26_09_FR,224,97,159,160,133,156,144,116,147,235,257,134,149
A361,26_09_FR,224,97,159,160,133,156,144,116,147,235,257,134,149
A362,26_09_FR,224,97,159,160,133,156,144,116,147,235,257,134,149
A363,26_09_FR,224,97,159,160,133,156,144,116,147,235,257,134,149
A364,26_09_FR,224,97,159,160,133,156,144,116,147,235,257,134,149
A365,26_09_FR,224,97,159,160,133,156,144,116,143,235,257,134,149
A366,26_09_FR,224,97,169,160,133,156,126,119,147,227,261,134,149
A367,26_09_FR,224,97,169,160,133,0,126,119,147,227,261,134,149
A368,26_09_FR,224,97,159,160,133,156,144,116,147,235,257,134,149
A369,26_09_FR,224,97,163,160,133,156,126,119,147,227,261,134,149
A370,26_09_FR,224,97,159,160,133,156,144,116,147,235,257,134,149
A371,26_09_FR,231,97,163,160,133,156,144,116,147,235,257,134,141
A372,26_09_FR,224,97,159,160,133,156,144,116,147,235,257,134,149
A373,26_09_FR,231,97,163,160,133,156,144,116,147,235,257,134,141
A374,26_09_FR,224,97,163,160,133,156,126,119,147,227,261,134,149
A375,26_09_FR,224,97,163,160,133,156,126,119,147,227,261,134,149
A376,26_09_FR,224,97,159,160,133,156,144,116,147,235,257,134,149
A377,26_09_FR,231,97,163,132,133,156,126,119,147,235,257,152,141
A378,26_09_FR,238,97,163,132,133,156,144,116,151,227,261,136,157
A379,26_09_FR,231,97,163,132,133,156,126,119,147,235,257,152,141
A380,26_09_FR,231,97,163,132,0,156,126,119,147,235,257,152,141
A381,26_09_FR,231,97,163,160,133,156,144,116,147,235,257,134,141
A382,26_09_FR,224,97,159,160,133,156,144,116,147,235,257,134,149
A383,26_09_FR,224,97,159,160,133,156,144,116,147,235,257,134,149
A384,26_09_FR,224,97,163,160,133,156,126,119,147,227,261,134,149
A385,26_09_FR,224,97,163,128,145,156,120,116,147,227,265,144,149
A386,26_09_FR,231,97,163,132,141,156,138,113,139,219,237,132,149
A387,26_10_FR,231,97,159,132,129,148,120,116,143,227,265,134,141
A388,26_10_FR,231,97,159,132,145,156,144,116,143,219,261,144,137
A389,26_10_FR,231,97,159,132,129,148,120,116,143,227,265,134,141
A390,26_10_FR,224,85,163,140,129,156,144,116,151,227,257,134,182
A391,26_10_FR,224,97,163,140,133,156,144,113,139,231,257,134,182
A392,26_10_FR,224,85,163,140,129,156,144,116,151,227,257,134,182
A393,26_10_FR,224,97,163,156,137,156,144,119,139,235,261,140,149
A394,26_10_FR,231,97,159,132,109,156,138,113,139,248,261,136,149
A395,26_10_FR,224,85,163,132,129,156,138,116,147,231,265,132,137
A396,26_10_FR,231,97,159,160,133,156,126,119,147,227,261,134,153
A397,26_10_FR,224,85,159,132,133,156,138,113,147,227,261,138,137
A398,26_10_FR,224,97,159,132,125,148,138,113,143,231,257,142,145
A399,26_10_FR,231,97,163,136,133,156,144,116,143,231,257,132,145
A400,26_10_FR,231,97,163,132,129,156,138,116,143,227,237,134,149
A401,26_10_FR,231,97,159,132,125,156,138,116,143,227,257,134,145
A402,26_10_FR,224,97,163,132,129,156,144,113,151,227,257,138,149
A403,26_10_FR,224,97,163,156,137,148,144,119,147,223,257,136,141
A404,26_10_FR,231,97,159,152,141,148,138,113,143,227,237,132,149
A405,26_10_FR,224,97,163,132,129,156,144,113,151,227,257,138,149
A406,26_10_FR,224,97,159,140,133,156,138,103,139,231,254,134,145
A407,26_10_FR,231,97,163,132,129,156,138,116,143,227,237,134,149
A408,26_10_FR,238,97,159,132,133,156,144,113,143,223,254,138,137
A409,26_10_FR,238,97,159,132,133,156,144,113,143,223,254,138,137
A410,26_10_FR,231,97,159,132,129,156,138,103,139,227,261,134,149
A411,26_10_FR,238,97,159,132,133,156,144,113,143,223,257,138,137
A412,26_10_FR,238,97,159,132,133,156,144,113,143,223,254,138,137
A413,26_10_FR,238,85,159,156,141,148,144,116,147,235,257,138,145
A414,26_10_FR,224,85,163,140,129,156,144,116,151,227,257,134,182
A415,26_10_FR,231,97,163,132,129,156,138,116,143,227,237,134,149
A416,26_10_FR,231,97,159,132,133,156,138,103,143,227,261,134,149
A417,26_10_FR,224,85,163,132,133,156,144,113,147,231,261,130,149
A418,26_10_FR,238,0,159,156,141,148,144,116,147,235,257,138,145
A419,26_10_FR,224,97,159,140,133,156,138,103,139,231,254,134,145
A420,26_10_FR,224,85,163,140,129,156,144,116,151,227,257,134,149
A421,26_10_FR,224,97,159,140,133,156,138,103,139,231,254,134,145
A422,26_10_FR,224,85,163,132,129,156,138,116,147,231,265,132,137
A423,26_10_FR,231,97,163,132,129,156,138,116,143,227,237,134,149
A424,26_10_FR,231,97,163,132,129,156,138,116,143,227,237,134,149
A425,26_10_FR,238,85,159,156,141,148,144,116,147,235,257,138,145
A426,26_10_FR,231,97,159,132,125,156,138,116,143,227,257,134,145
A427,26_10_FR,224,85,163,132,129,156,138,116,147,231,265,132,137
A428,26_10_FR,231,97,163,132,129,156,138,116,143,227,237,134,149
A429,26_10_FR,224,97,163,132,129,156,144,113,151,227,257,138,149
A430,26_10_FR,238,97,159,132,133,156,144,113,143,223,254,138,137
A431,26_10_FR,231,97,159,132,129,156,138,103,139,227,261,134,149
A432,26_10_FR,231,97,159,132,133,156,138,103,143,227,261,134,149
A433,26_10_FR,231,97,159,132,129,156,138,103,139,227,261,134,149
A434,26_10_FR,238,97,159,132,133,156,144,113,143,223,254,138,137
A435,26_10_FR,224,97,159,156,133,156,144,119,139,231,261,136,141
A436,26_10_FR,224,97,159,140,133,156,138,103,139,231,254,134,145
A437,26_10_FR,231,97,159,132,133,156,138,103,143,227,261,134,149
A438,26_10_FR,238,97,159,132,133,156,144,113,143,223,254,138,137
A439,26_10_FR,238,97,159,132,133,156,144,113,143,223,254,138,137
A440,26_10_FR,224,85,163,140,129,156,144,116,151,227,257,134,182
A441,26_10_FR,238,97,159,132,133,156,144,113,143,223,254,138,137
A442,26_10_FR,224,97,159,132,125,148,138,113,143,231,257,142,145
A443,26_10_FR,224,85,159,132,133,156,138,113,147,273,261,138,137
A444,26_10_FR,231,97,163,156,129,148,144,113,143,235,257,134,145
A445,26_10_FR,224,97,163,132,129,156,144,113,151,227,257,138,149
A446,26_10_FR,231,97,159,132,129,148,120,116,143,227,265,134,141
A447,26_10_FR,231,97,159,132,129,148,120,116,143,227,265,134,141
A448,26_10_FR,231,97,159,160,133,156,126,119,147,227,261,134,153
A449,26_10_FR,224,97,163,132,129,156,144,113,151,227,257,138,149
A450,26_10_FR,231,97,163,132,129,156,138,116,143,227,237,134,149
A451,26_10_FR,224,85,163,140,129,156,144,116,151,227,257,134,182
A452,26_10_FR,224,85,163,140,129,156,144,116,151,227,257,134,182
A453,26_10_FR,231,97,159,132,125,156,138,116,143,227,257,134,145
A454,26_10_FR,238,97,159,132,133,156,144,113,143,223,254,138,137
A455,26_10_FR,231,97,163,156,129,148,144,113,143,235,257,134,145
A456,26_10_FR,238,97,159,132,133,156,144,113,143,223,254,138,137
A457,26_10_FR,231,97,159,132,129,148,120,116,143,227,265,134,141
A458,26_10_FR,224,97,163,132,129,156,144,113,151,227,257,138,149
A459,26_10_FR,224,97,159,132,133,156,138,116,139,223,261,132,149
A460,26_10_FR,224,97,159,132,133,156,138,116,139,223,261,132,149
A461,26_10_FR,231,97,159,132,129,156,138,103,139,227,261,134,149
A462,26_10_FR,231,97,163,132,0,156,138,116,143,227,261,134,149
A463,26_10_FR,224,85,163,132,129,156,138,116,147,231,265,132,137
A464,26_10_FR,224,97,163,132,129,156,144,113,151,227,257,138,149
A465,45_10_FR,224,97,163,132,133,156,144,119,139,235,261,134,141
A466,45_10_FR,231,97,159,132,129,156,144,116,143,223,261,140,149
A467,45_10_FR,224,97,159,132,141,156,138,113,147,235,261,142,0
A468,45_10_FR,224,97,159,132,133,148,144,113,147,227,261,134,149
A469,45_10_FR,231,97,163,132,133,156,138,116,143,227,261,132,149
A470,45_10_FR,224,97,159,132,133,156,144,116,139,223,261,140,149
A471,45_10_FR,231,97,159,156,137,0,138,116,143,227,261,134,149
A472,45_10_FR,224,97,159,132,141,156,138,113,147,235,261,142,0
A473,45_10_FR,224,97,159,132,141,156,138,113,147,235,261,142,0
A474,26_10_FR,224,97,159,140,133,156,138,103,139,231,254,134,145
A475,26_10_FR,224,97,159,132,125,148,138,113,143,231,257,142,145
A476,26_10_FR,231,97,163,156,137,156,138,116,143,227,261,134,149
A477,26_10_FR,224,97,163,132,129,156,144,113,151,227,257,138,149
A478,45_10_FR,238,97,159,132,133,156,144,113,143,223,254,138,137
A479,45_10_FR,224,97,159,132,133,148,144,113,147,227,261,134,149
A480,26_11_BB,224,85,163,132,129,156,138,122,147,231,265,134,137
A481,26_11_FR,231,85,163,136,133,156,138,113,139,223,261,136,149
A482,26_11_FR,231,85,0,136,133,156,138,113,139,223,261,136,149
A483,26_11_FR,231,97,159,132,141,156,144,113,143,223,261,146,145
A484,26_11_FR,231,85,159,132,133,156,144,116,143,223,247,134,145
A485,26_11_FR,224,97,163,132,133,156,126,119,151,227,261,136,149
A486,26_11_FR,231,97,159,132,141,156,144,113,143,223,261,146,145
A487,26_11_FR,224,97,159,132,133,156,126,119,151,227,261,136,149
A488,26_11_FR,231,97,163,144,125,156,138,103,143,248,265,140,149
A489,26_11_FR,224,97,159,132,141,164,144,119,147,227,273,134,137
A490,26_11_FR,224,97,163,132,133,156,126,119,151,227,261,136,149
A491,26_11_FR,231,0,159,160,137,156,138,116,143,231,257,136,133
A492,26_11_FR,231,97,159,132,141,156,144,113,143,223,261,146,145
A493,26_11_FR,231,97,159,132,141,156,144,113,143,223,261,146,145
A494,26_11_FR,231,97,159,132,137,156,126,110,139,227,261,134,149
A495,26_11_FR,224,97,163,132,133,156,126,119,151,227,261,136,149
A496,26_11_FR,224,97,159,0,141,156,126,110,139,231,261,132,153
A497,26_11_FR,238,97,159,140,145,156,144,113,143,223,261,134,149
A498,26_11_FR,231,97,159,132,141,156,144,113,143,223,261,146,145
A499,26_11_FR,224,97,163,132,133,156,126,119,151,227,261,136,149
A500,26_11_FR,231,85,163,132,133,156,144,116,143,223,247,134,145
A501,26_11_FR,224,97,0,132,133,156,126,119,151,227,261,136,149
A502,26_11_FR,224,97,163,156,129,156,138,116,151,231,261,136,157
A503,26_11_FR,231,97,163,132,137,156,126,110,139,227,261,134,149
A504,26_11_FR,224,97,163,132,133,156,144,113,143,223,265,136,149
A505,26_11_FR,224,97,159,132,133,156,144,113,143,223,265,142,149
A506,26_11_FR,224,97,163,132,133,156,126,119,151,227,261,136,149
A507,26_11_FR,224,97,163,132,133,156,126,119,151,227,261,136,149
A508,26_11_FR,224,97,163,132,133,156,126,119,151,227,261,136,149
A509,26_11_FR,224,97,163,132,133,156,126,119,151,227,261,136,149
A510,26_11_FR,224,97,163,132,133,156,126,119,151,227,261,136,149
A511,26_11_FR,224,97,163,132,133,156,126,119,151,227,261,136,149
A512,26_11_FR,238,97,163,132,133,156,144,116,147,227,261,136,149
A513,26_11_FR,224,97,159,132,149,156,138,100,139,223,257,140,149
A514,26_11_FR,224,97,163,132,133,156,126,119,151,227,261,136,149
A515,26_11_FR,224,97,163,132,133,156,126,119,151,227,261,136,149
A516,26_11_FR,224,97,159,132,149,156,138,100,139,223,257,140,149
A517,26_11_FR,231,97,159,132,141,156,144,113,143,223,261,146,145
A518,26_11_FR,231,97,163,144,125,156,138,103,143,248,265,140,149
A519,26_11_FR,231,97,159,156,137,156,138,116,143,231,257,136,133
A520,26_11_FR,224,97,163,132,133,156,126,119,151,227,261,136,149
A521,26_11_FR,224,97,163,132,133,156,126,119,151,227,261,136,149
A522,26_11_FR,224,97,163,132,141,164,144,119,147,227,273,134,137
A523,26_11_FR,231,85,159,136,133,156,138,113,139,223,261,136,149
A524,26_11_FR,231,85,159,0,133,156,138,113,139,223,261,136,149
A525,26_11_FR,224,97,163,132,133,156,126,119,151,227,261,136,149
A526,26_11_FR,231,97,159,132,141,156,144,113,143,223,261,146,145
A527,26_11_FR,224,97,163,132,133,156,138,113,139,223,261,134,149
A528,26_11_FR,238,97,159,132,141,156,144,113,139,227,261,132,145
A529,26_11_FR,231,97,163,144,125,156,138,103,143,248,265,140,149
A530,26_11_FR,224,97,159,132,133,156,126,119,151,227,261,136,149
A531,26_11_FR,224,97,163,132,133,156,126,119,151,227,261,136,149
A532,26_11_FR,224,97,159,136,141,156,126,110,139,231,261,132,153
A533,26_11_FR,224,97,163,132,133,156,126,119,151,227,261,136,149
A534,26_11_FR,224,97,159,132,149,156,138,100,139,223,257,140,149
A535,26_11_FR,238,97,163,156,137,156,138,113,139,227,261,136,141
A536,26_11_FR,238,97,163,156,137,156,138,113,139,227,261,136,141
A537,26_11_FR,231,97,159,156,133,156,138,113,143,227,265,136,149
A538,26_11_FR,224,97,163,132,133,156,126,119,151,227,261,136,149
A539,26_11_FR,224,97,163,132,133,156,126,119,151,227,261,136,149
A540,26_11_FR,231,97,159,132,141,156,144,113,143,223,261,146,145
A541,26_11_FR,238,97,163,132,133,156,144,116,147,227,261,136,149
A542,26_11_FR,224,97,159,132,145,156,138,116,139,223,261,138,149
A543,26_11_FR,231,97,163,144,125,156,138,103,143,248,265,140,149
A544,26_11_FR,231,97,163,132,137,156,126,110,139,227,261,134,149
A545,26_11_FR,224,97,163,132,133,156,126,119,151,227,261,136,149
A546,26_11_FR,231,85,159,136,133,156,138,113,139,223,261,136,149
A547,26_11_FR,224,97,159,152,133,148,138,116,143,231,261,140,145
A548,26_11_FR,238,97,163,160,133,156,144,116,151,227,261,134,149
A549,26_11_FR,231,97,163,140,133,156,138,103,143,231,261,134,149
A550,26_11_FR,224,97,163,132,133,156,126,119,151,227,261,136,149
A551,26_11_FR,224,97,159,132,133,156,126,119,151,227,261,136,149
A552,26_11_FR,238,97,159,156,137,156,0,113,139,227,261,136,141
A553,26_11_FR,238,97,159,156,137,156,138,113,139,227,261,136,141
A554,26_11_FR,231,97,159,132,141,156,144,113,143,223,261,146,145
A555,26_11_FR,238,97,163,132,133,156,144,116,147,227,261,136,149
A556,26_11_FR,224,97,163,132,129,156,138,113,143,219,257,142,141
A557,26_11_FR,231,97,159,132,141,156,144,113,143,223,261,146,145
A558,26_11_FR,224,97,163,132,133,156,126,119,151,227,261,136,149
A559,26_11_FR,224,97,159,132,133,156,126,119,151,227,261,136,149
A560,26_11_FR,224,97,163,132,133,156,126,119,151,227,261,136,149
A561,26_11_FR,231,97,159,132,141,156,144,113,143,223,261,146,145
A562,26_11_FR,238,97,159,132,141,156,144,113,139,227,261,134,145
A563,26_11_FR,231,97,163,160,133,156,144,116,147,227,257,134,141
A564,26_11_FR,231,85,163,0,133,156,138,113,139,223,261,136,149
A565,26_11_FR,231,97,163,144,125,156,138,103,143,248,265,140,149
A566,26_11_FR,231,97,163,144,125,156,138,103,143,248,265,140,149
A567,26_11_FR,224,97,159,132,133,156,144,113,143,223,265,142,149
A568,26_11_FR,224,97,163,176,141,156,144,116,143,231,261,140,137
A569,26_11_FR,238,97,163,156,137,156,138,113,139,227,261,136,141
A570,26_11_FR,224,0,163,176,141,156,144,116,143,231,261,140,137
A571,45_10_FR,231,97,163,156,141,156,138,113,143,227,247,132,141
A572,45_10_FR,224,97,159,132,141,156,144,116,139,223,261,142,149
A573,45_10_FR,224,97,159,132,141,156,144,116,139,223,261,142,149
A574,45_10_FR,231,97,163,156,141,156,138,113,143,227,247,132,141
A575,45_10_FR,231,97,163,156,141,156,138,113,143,227,247,132,141
A576,45_10_FR,231,97,159,132,133,148,138,103,139,231,257,140,149
A577,45_10_FR,238,97,163,156,137,148,138,113,147,235,265,136,145
A578,45_10_FR,224,97,159,132,141,156,144,116,139,223,261,142,149
A579,45_10_FR,224,97,159,140,137,156,144,113,147,231,261,134,149
A580,45_10_FR,231,97,163,132,133,156,138,116,143,227,261,132,149
A581,45_10_FR,231,97,163,132,129,156,138,116,143,227,237,134,149
A582,45_10_FR,238,97,163,156,137,148,138,113,147,235,265,136,145
A583,45_10_FR,231,97,159,156,145,156,144,113,139,227,261,136,149
A584,45_10_FR,231,97,163,132,129,156,138,116,143,227,237,134,149
A585,45_10_FR,224,97,159,132,133,156,144,116,139,223,261,140,149
A586,45_10_FR,231,85,159,132,137,156,126,110,139,227,261,134,141
A587,45_10_FR,238,85,159,156,141,148,144,116,147,235,257,138,145
A588,45_10_FR,224,97,159,132,133,160,144,116,143,223,261,136,149
A589,45_10_FR,224,97,0,132,141,156,144,116,139,223,261,142,149
A590,45_10_FR,231,97,163,176,109,156,144,119,135,227,261,140,149
A591,45_10_FR,231,97,163,176,109,156,144,119,135,227,261,140,149
A592,45_10_FR,238,97,163,156,137,148,138,113,147,235,265,136,145
A593,45_10_FR,224,97,163,132,133,156,144,113,143,227,257,140,145
A594,45_10_FR,224,97,163,132,141,156,138,116,143,231,261,140,149
A595,45_10_FR,224,97,159,132,133,148,144,113,147,227,261,134,149
A596,45_10_FR,224,97,159,132,133,148,144,113,147,227,261,134,149
A597,45_10_FR,231,97,163,132,133,156,138,116,143,227,261,132,149
A598,45_10_FR,224,97,163,156,133,156,144,113,147,231,247,132,141
A599,45_10_FR,231,97,163,132,133,156,138,116,143,227,261,132,149
A600,45_10_FR,224,97,163,132,133,156,144,113,143,227,257,140,145
A601,45_10_FR,231,97,163,132,129,156,138,116,143,227,237,134,149
A602,45_10_FR,231,97,163,132,129,156,138,116,143,227,237,134,149
A603,45_10_FR,238,97,159,148,141,148,144,116,139,219,265,138,145
A604,45_10_FR,224,97,163,156,133,156,144,113,147,231,247,132,141
A605,45_10_FR,224,97,159,132,133,148,144,113,147,227,261,134,149
A606,45_10_FR,231,97,163,132,129,156,138,116,143,227,237,134,149
A607,45_10_FR,238,97,163,156,137,148,138,113,147,235,265,136,145
A608,45_10_FR,224,97,159,132,141,156,138,113,147,235,261,142,149
A609,45_10_FR,238,97,159,148,141,148,144,116,139,219,265,138,145
A610,45_10_FR,224,113,163,132,129,160,144,119,139,235,261,132,149
A611,45_10_FR,224,97,159,132,133,148,144,113,147,227,261,134,149
A612,45_10_FR,224,97,159,132,133,156,144,116,139,223,261,140,149
A613,45_10_FR,224,97,159,132,133,160,144,116,143,223,261,136,149
A614,45_10_FR,238,97,163,156,137,148,138,113,147,235,265,136,145
A615,45_10_FR,224,97,159,132,133,156,144,116,139,223,261,140,149
A616,45_10_FR,224,97,159,132,133,156,144,116,139,223,261,140,149
A617,45_10_FR,224,97,159,132,133,160,144,116,143,223,261,136,149
A618,45_10_FR,224,97,159,156,133,156,144,119,139,231,261,136,141
A619,45_10_FR,238,97,159,132,129,156,138,113,0,223,265,142,133
A620,45_10_FR,224,97,159,132,133,148,144,113,147,227,261,134,149
A621,45_10_FR,238,97,159,148,141,148,144,116,139,219,265,138,145
A622,45_10_FR,231,97,163,132,129,156,138,116,143,227,237,134,149
A623,45_10_FR,238,97,163,156,137,148,138,113,147,235,265,136,145
A624,45_10_FR,231,97,163,132,137,148,144,119,139,235,257,136,133
A625,45_10_FR,231,97,159,132,133,148,138,103,139,231,257,140,149
A626,45_10_FR,231,97,163,132,133,156,138,116,143,227,261,132,149
A627,45_10_FR,224,97,159,156,133,156,144,119,139,231,261,136,141
A628,45_10_FR,224,97,159,132,133,160,144,116,143,223,261,136,149
A629,45_10_FR,238,97,159,148,141,148,144,116,139,219,265,138,145
A630,45_10_FR,224,97,159,132,133,156,138,103,143,227,261,136,141
A631,45_10_FR,224,97,159,132,133,160,144,116,143,223,261,136,149
A632,45_10_FR,231,97,163,132,129,156,138,116,143,227,237,134,149
A633,45_10_FR,224,97,159,132,133,156,144,116,139,223,261,140,149
A634,45_10_FR,231,97,159,132,145,156,144,116,143,219,261,144,137
A635,45_10_FR,231,97,163,132,129,156,138,116,143,227,237,134,149
A636,45_10_FR,224,97,159,132,133,156,144,116,139,223,261,140,149
A637,45_10_FR,238,97,163,156,137,148,138,113,147,235,265,136,145
A638,45_10_FR,224,97,159,132,133,156,144,116,139,223,261,140,149
A639,45_10_FR,238,97,163,156,137,148,138,113,147,235,265,136,145
A640,45_10_FR,224,97,163,140,133,156,144,113,139,231,257,134,182
A641,45_10_FR,224,97,159,132,133,156,144,116,139,223,261,140,149
A642,45_10_FR,238,0,163,156,137,148,138,113,147,235,265,136,145
A643,45_10_FR,238,97,159,148,141,148,144,116,139,219,265,138,145
A644,45_10_FR,224,97,159,132,141,156,144,116,139,223,261,142,149
A645,45_10_FR,224,97,159,156,133,156,144,119,139,231,261,136,141
A646,45_10_FR,231,97,163,132,133,156,138,116,143,227,261,132,149
A647,45_10_FR,231,97,163,132,129,156,138,116,143,227,237,134,149
A648,45_10_FR,224,85,163,140,129,156,144,116,151,227,257,134,0
A649,45_10_FR,231,97,163,132,129,156,138,113,139,223,265,142,133
A650,45_10_FR,238,97,0,156,137,148,138,113,147,235,265,136,145
A651,45_10_FR,231,97,163,132,133,156,138,116,143,227,261,132,149
A652,45_10_FR,238,97,163,156,137,148,138,113,147,235,265,136,145
A653,45_10_FR,231,97,163,132,133,156,138,116,143,227,261,132,149
A654,45_10_FR,224,97,163,156,133,156,144,113,147,231,247,132,141
A655,45_10_FR,224,97,163,132,133,156,144,113,143,227,257,140,145
A656,45_10_FR,231,97,163,132,129,156,138,116,143,227,237,134,149
A657,45_10_FR,224,97,159,140,137,156,144,113,147,231,261,134,149
A658,45_10_FR,238,97,159,148,141,148,144,116,139,219,265,138,145
A659,45_10_FR,224,97,159,132,141,156,144,116,139,223,261,142,149
A660,45_10_FR,238,85,159,156,141,148,144,116,147,235,257,138,145
A661,45_10_FR,238,97,159,132,133,156,144,113,143,223,254,138,137
A662,45_10_FR,224,97,159,132,141,156,138,113,147,235,261,142,149
A663,45_10_FR,224,97,159,132,141,156,138,113,147,235,261,152,0
A664,45_10_FR,231,97,163,132,133,156,138,116,143,227,261,132,149
A665,45_10_FR,231,97,163,132,133,156,138,116,143,227,261,132,149
A666,45_10_FR,231,97,159,132,187,156,144,116,143,219,261,144,137
A667,45_10_FR,231,97,159,132,129,148,120,116,143,227,265,134,141
A668,45_10_FR,224,97,159,132,133,156,144,116,139,223,261,140,149
A669,45_10_FR,238,97,163,156,137,148,138,113,147,235,265,136,145
A670,45_10_FR,224,97,159,132,133,156,138,103,143,227,261,136,141
A671,45_10_FR,231,97,163,132,129,156,138,116,143,227,237,134,149
A672,45_10_FR,238,97,163,156,137,148,138,113,147,235,265,136,145
A673,45_10_FR,231,97,163,156,141,156,138,113,143,227,247,132,141
A674,45_10_FR,231,97,163,132,133,156,138,116,143,227,261,134,149
A675,45_10_FR,224,97,159,132,133,156,138,116,143,223,261,152,149
A676,45_10_FR,238,97,159,148,141,148,144,116,139,219,265,138,145
A677,45_10_FR,238,97,163,156,137,148,138,113,147,235,265,136,145
A678,45_10_FR,238,97,163,156,137,148,138,113,147,235,265,136,145
A679,45_10_FR,224,97,159,132,133,148,144,113,147,227,261,134,149
A680,45_10_FR,231,97,159,132,129,156,144,116,143,223,261,140,149
A681,45_10_FR,231,97,163,132,133,156,138,116,143,227,261,132,147
A682,45_10_FR,224,97,163,132,125,156,138,116,143,227,257,136,149
A683,45_10_FR,238,97,159,148,141,148,144,116,139,219,265,138,145
A684,45_10_FR,231,97,163,132,129,156,138,116,143,227,237,134,149
A685,45_10_FR,224,97,163,132,141,156,138,113,143,231,261,132,145
A686,45_10_FR,231,97,163,132,129,156,138,116,143,227,237,134,149
A687,45_10_FR,231,97,163,132,129,156,138,116,143,227,237,134,149
A688,45_10_FR,231,97,163,132,129,156,138,116,143,227,237,134,149
A689,45_10_BB,224,97,163,140,141,156,138,103,143,227,261,134,145
A690,45_10_BB,231,85,163,156,141,148,144,116,147,223,247,138,145
A691,45_10_BB,238,97,159,156,133,156,144,113,147,235,265,136,149
A692,45_10_BB,224,97,163,136,137,148,138,116,143,227,265,134,133
A693,79_10_FR,224,97,163,132,141,148,144,119,143,235,273,138,141
A694,26_11_FR,231,97,159,132,137,156,138,116,143,231,257,136,133
